metric,value
accuracy,0.9973987365291713
precision,1.0
recall,0.9972688255950058
f1,0.9986325454190271
balanced_accuracy,0.9986344127975029
roc_auc,0.9999939036285603
