metric,value
accuracy,0.8156819026384243
precision,0.9628302731751007
recall,0.8388607101053454
f1,0.896580483736447
balanced_accuracy,0.5952116050526727
roc_auc,
