model,cv_accuracy_mean,cv_precision_mean,cv_recall_mean,cv_f1_mean,cv_f1_std,cv_fit_time_mean,test_accuracy,test_precision,test_recall,test_f1,test_balanced_accuracy,test_roc_auc,selection_score
logistic_regression,0.9971507048474365,1.0,0.9970090243563977,0.9985013244770716,0.0009744315692530932,0.6269576787948609,0.9973987365291713,1.0,0.9972688255950058,0.9986325454190271,0.9986344127975029,0.9999939036285603,0.9411327772030581
random_forest,1.0,1.0,1.0,1.0,0.0,2.410121512413025,1.0,1.0,1.0,1.0,1.0,1.0,0.8939867023664676
heuristic,0.790260345737176,0.9613646422777757,0.8124553345678678,0.8805885792058634,0.008982604876191437,0.48468053340911865,0.7985878855444073,0.9637448370812299,0.8193523214982442,0.8857022353437368,0.6010824107491222,,0.8802275180922978
