model,cv_accuracy_mean,cv_precision_mean,cv_recall_mean,cv_f1_mean,cv_f1_std,cv_fit_time_mean,test_accuracy,test_precision,test_recall,test_f1,test_balanced_accuracy,test_roc_auc,selection_score
heuristic,0.809586293201811,0.9606261659068055,0.8343086259211097,0.8929773553007468,0.006975192098539989,0.4403975963592529,0.8156819026384243,0.9628302731751007,0.8388607101053454,0.896580483736447,0.5952116050526727,,0.8881926075231754
random_forest,0.952552234777381,0.952552234777381,1.0,0.9756995367447425,0.00028849260055074683,2.876442074775696,0.9528056484578223,0.9527881040892193,1.0,0.9758233390443556,0.50390625,0.6817114953179867,0.8740428967343592
logistic_regression,0.6560936483982971,0.9679700204933592,0.6608144031751192,0.785394359621973,0.009115568040178665,0.5870215177536011,0.6636937941285768,0.9704880817253121,0.667186890362856,0.7907514450867053,0.630468445181428,0.705231296332423,0.8134949863906312
